id,emp_id,emp_name,emp_designation,user_name,password,area,region,headquarter,division,zone,role,1lmanager_id,2lmanager_id,3lmanager_id
1,E75657,"BISWAJIT CHAKRABORTY",3LMANAGER,E75657,E75657,"WEST BENGAL",KOLKATA,KOLKATA,,East,3LMANAGER,,,
2,E46084,"MONOJIT PAUL",2LMANAGER,E46084,E46084,"WEST BENGAL",KOLKATA,KOLKATA,,East,2LMANAGER,,,E75657
3,E50209,"SUBHENDU DAS",1LMANAGER,E50209,E50209,"WEST BENGAL",KOLKATA,KOLKATA,,East,1LMANAGER,,E46084,E75657
4,E47087,"SUMAN PODDER",SALES,E47087,E47087,"WEST BENGAL",KOLKATA,KOLKATA,,East,SALES,E50209,E46084,E75657
5,E90246,"PRANAY GUCHHAIT",SALES,E90246,E90246,"WEST BENGAL",KOLKATA,KOLKATA,,East,SALES,E50209,E46084,E75657
6,E126384,"ARGHA PAUL",SALES,E126384,E126384,"WEST BENGAL",KOLKATA,BARASAT,,East,SALES,E50209,E46084,E75657
7,E97450,"YELLAM CHETTY ROHIT",SALES,E97450,E97450,"WEST BENGAL",KOLKATA,KOLKATA,,East,SALES,E50209,E46084,E75657
8,E77115,"ANANDA SHANKAR DUTTA",1LMANAGER,E77115,E77115,"WEST BENGAL",KOLKATA,KOLKATA,,East,1LMANAGER,,E46084,E75657
9,E49814,"SOMPRAKASH PARUA",SALES,E49814,E49814,"WEST BENGAL",KOLKATA,KOLKATA,,East,SALES,E77115,E46084,E75657
10,E48737,"SUBHANKAR MITRA",SALES,E48737,E48737,"WEST BENGAL",KOLKATA,KOLKATA,,East,SALES,E77115,E46084,E75657
11,E28884,"ARIJIT NANDI",SALES,E28884,E28884,"WEST BENGAL",KOLKATA,KOLKATA,,East,SALES,E77115,E46084,E75657
12,E97451,"ARITRA SARKAR",SALES,E97451,E97451,"WEST BENGAL",KOLKATA,KOLKATA,,East,SALES,E77115,E46084,E75657
13,E91203,"ROHAN ROY",1LMANAGER,E91203,E91203,"WEST BENGAL",KOLKATA,SREERAMPUR,,East,1LMANAGER,,E46084,E75657
14,E44702,"ABHIJIT SUTRADHAR",SALES,E44702,E44702,"WEST BENGAL",KOLKATA,KALYANI,,East,SALES,E91203,E46084,E75657
15,E130320,"DEEP CHATTERJEE",SALES,E130320,E130320,"WEST BENGAL",KOLKATA,KALYANI,,East,SALES,E91203,E46084,E75657
16,E85212,"SUJOY GHOSH",SALES,E85212,E85212,"WEST BENGAL",KOLKATA,SREERAMPUR,,East,SALES,E91203,E46084,E75657
17,E80358,"SWARNENDU MANDAL",SALES,E80358,E80358,"WEST BENGAL",KOLKATA,"KOLKATA - HOWRAH",,East,SALES,E91203,E46084,E75657
18,E46077,"ANUP BISWAS",1LMANAGER,E46077,E46077,"WEST BENGAL",KOLKATA,BURDWAN,,East,1LMANAGER,,E46084,E75657
19,E24009,"KAUSHIK MUKHERJEE",SALES,E24009,E24009,"WEST BENGAL",KOLKATA,BURDWAN,,East,SALES,E46077,E46084,E75657
20,E91835,"SOUVIK BAJPAYEE",SALES,E91835,E91835,"WEST BENGAL",KOLKATA,BURDWAN,,East,SALES,E46077,E46084,E75657
21,E120023,"DIPANKAR BANDHOPADHAYAY",SALES,E120023,E120023,"WEST BENGAL",KOLKATA,RAMPURHAT,,East,SALES,E46077,E46084,E75657
22,E78003,"ARIJIT PRADHAN",SALES,E78003,E78003,"WEST BENGAL",KOLKATA,TAMLUK,,East,SALES,E46077,E46084,E75657
23,E91836,"SUBRATA GHATAK",SALES,E91836,E91836,"WEST BENGAL",KOLKATA,MIDNAPUR,,East,SALES,E46077,E46084,E75657
24,E66794,"ARIJIT SEN",1LMANAGER,E66794,E66794,"WEST BENGAL",KOLKATA,BANKURA,,East,1LMANAGER,,E46084,E75657
25,E97448,"SRIKANTA YADAB",SALES,E97448,E97448,"WEST BENGAL",KOLKATA,BANKURA,,East,SALES,E66794,E46084,E75657
26,E97449,"SURAJ NANDY",SALES,E97449,E97449,"WEST BENGAL",KOLKATA,BANKURA,,East,SALES,E66794,E46084,E75657
27,E82554,"NIRMALENDU CHOWDHURY",SALES,E82554,E82554,"WEST BENGAL",KOLKATA,DURGAPUR,,East,SALES,E66794,E46084,E75657
28,E32689,"RAKIBUL HOQUE",2LMANAGER,E32689,E32689,ASSAM,GUWAHATI,GUWAHATI,,East,2LMANAGER,,,E75657
29,E80148,"DEEPANKAR GUPTA",1LMANAGER,E80148,E80148,ASSAM,GUWAHATI,GUWAHATI,,East,1LMANAGER,,E32689,E75657
30,E86930,"ANANTA BORAH",SALES,E86930,E86930,ASSAM,GUWAHATI,GUWAHATI,,East,SALES,E80148,E32689,E75657
31,E119625,"DHIRAJ BEZBARUAH",SALES,E119625,E119625,ASSAM,GUWAHATI,GUWAHATI,,East,SALES,E80148,E32689,E75657
32,E92227,"BIKASH PARAJULI",SALES,E92227,E92227,ASSAM,GUWAHATI,GUWAHATI,,East,SALES,E80148,E32689,E75657
33,E118927,"DIBAKAR SAHA",SALES,E118927,E118927,ASSAM,GUWAHATI,NAGAON,,East,SALES,E80148,E32689,E75657
34,E120125,"DIPANKAR SAIKIA",1LMANAGER,E120125,E120125,ASSAM,GUWAHATI,DIBRUGARH,,East,1LMANAGER,,E32689,E75657
35,E82596,"SUJAY DAS",SALES,E82596,E82596,ASSAM,GUWAHATI,DIBRUGARH,,East,SALES,E120125,E32689,E75657
36,E90145,"SUMIT DHAR",SALES,E90145,E90145,ASSAM,GUWAHATI,AGARTALA,,East,SALES,E120125,E32689,E75657
37,E118926,"BIKRAM DEY",SALES,E118926,E118926,ASSAM,GUWAHATI,JORHAT,,East,SALES,E120125,E32689,E75657
38,E92712,"TAMAL MAJUMDER",1LMANAGER,E92712,E92712,ASSAM,GUWAHATI,SILIGURI,,East,1LMANAGER,,E32689,E75657
39,E70895,"ANIRUDHA BISWAS",SALES,E70895,E70895,ASSAM,GUWAHATI,SILIGURI,,East,SALES,E92712,E32689,E75657
40,E92141,"BISWAJIT SAHA",SALES,E92141,E92141,ASSAM,GUWAHATI,SILIGURI,,East,SALES,E92712,E32689,E75657
41,E130389,"PRALAY MAJUMDER",SALES,E130389,E130389,ASSAM,GUWAHATI,COOCHBEHAR,,East,SALES,E92712,E32689,E75657
42,E91834,"DIPANKAR BISWAS",SALES,E91834,E91834,ASSAM,GUWAHATI,BEHRAMPUR,,East,SALES,E92712,E32689,E75657
43,E97452,"BISWADIP DAS",SALES,E97452,E97452,ASSAM,GUWAHATI,MALDA,,East,SALES,E92712,E32689,E75657
44,E19506,"CHANDRA SEKHAR MOHANTY",2LMANAGER,E19506,E19506,"ORISSA+JHK BIHAR",BHUBANESHWAR,BHUBANESHWAR,,East,2LMANAGER,,,E75657
45,E48333,"RADHYASHYAM JENA",1LMANAGER,E48333,E48333,"ORISSA+JHK BIHAR",BHUBANESHWAR,BHUBANESHWAR,,East,1LMANAGER,,E19506,E75657
46,E85213,"AYUSHKANTA MOHAPATRA",SALES,E85213,E85213,"ORISSA+JHK BIHAR",BHUBANESHWAR,BHUBANESHWAR,,East,SALES,E48333,E19506,E75657
47,E91449,"JIBAN JYOTI NAYAK ",SALES,E91449,E91449,"ORISSA+JHK BIHAR",BHUBANESHWAR,BHUBANESHWAR,,East,SALES,E48333,E19506,E75657
48,E70993,"M VIKASH KUMAR",SALES,E70993,E70993,"ORISSA+JHK BIHAR",BHUBANESHWAR,CUTTACK,,East,SALES,E48333,E19506,E75657
49,E126154,"PRIYANSU PARIDA",SALES,E404917,E404917,"ORISSA+JHK BIHAR",BHUBANESHWAR,BHUBANESHWAR,,East,SALES,E48333,E19506,E75657
50,E79274,"SHUBHAM BAGCHI",1LMANAGER,E79274,E79274,"ORISSA+JHK BIHAR",BHUBANESHWAR,PATNA,,East,1LMANAGER,,E19506,E75657
51,E97454,"RAHUL KUMAR",SALES,E97454,E97454,"ORISSA+JHK BIHAR",BHUBANESHWAR,PATNA,,East,SALES,E79274,E19506,E75657
52,E70994,"VISHAL KUMAR",SALES,E70994,E70994,"ORISSA+JHK BIHAR",BHUBANESHWAR,PATNA,,East,SALES,E79274,E19506,E75657
53,E130321,"NIKHIL ANAND",SALES,E130312,E130312,"ORISSA+JHK BIHAR",BHUBANESHWAR,PATNA,,East,SALES,E79274,E19506,E75657
54,E95047,"SAURAV KUMAR SINGH",SALES,E95047,E95047,"ORISSA+JHK BIHAR",BHUBANESHWAR,PATNA,,East,SALES,E79274,E19506,E75657
55,E74025,"PRAKASH RAJAN KUMAR",1LMANAGER,E74025,E74025,"ORISSA+JHK BIHAR",BHUBANESHWAR,RANCHI,,East,1LMANAGER,,E19506,E75657
56,E90245,"GAUTAM KUNAL",SALES,E90245,E90245,"ORISSA+JHK BIHAR",BHUBANESHWAR,RANCHI,,East,SALES,E74025,E19506,E75657
57,E90513,"SHIVAM KUMAR",SALES,E90513,E90513,"ORISSA+JHK BIHAR",BHUBANESHWAR,LEHERIASARAI,,East,SALES,E74025,E19506,E75657
58,E95666,"SOURAV BISWAS",SALES,E95666,E95666,"ORISSA+JHK BIHAR",BHUBANESHWAR,JAMSHEDPUR,,East,SALES,E74025,E19506,E75657
59,E48918,"L.KARTHICK NARAYANAN",3LMANAGER,E48918,E48918,CHENNAI,"SOUTH ZONE",CHENNAI,,South,3LMANAGER,,,
60,E33554,"INDU BHUSHAN KUMAR SINGH",2LMANAGER,E33554,E33554,KARNATAKA,BANGALORE,BANGALORE,,South,2LMANAGER,,,E48918
61,E43049,"JOJI JOHN",1LMANAGER,E43049,E43049,KARNATAKA,BANGALORE,BANGALORE,,South,1LMANAGER,,E33554,E48918
62,E92142,"RAGHU N",SALES,E92142,E92142,KARNATAKA,BANGALORE,BANGALORE,,South,SALES,E43049,E33554,E48918
63,E92143,"SHARATH S",SALES,E92143,E92143,KARNATAKA,BANGALORE,BANGALORE,,South,SALES,E43049,E33554,E48918
64,E69253,"BHAJANTHRI ASHOK KUMAR",SALES,E69253,E69253,KARNATAKA,BANGALORE,BANGALORE,,South,SALES,E43049,E33554,E48918
65,E60583,"S R MAHENDRA KUMAR",SALES,E60583,E60583,KARNATAKA,BANGALORE,BANGALORE,,South,SALES,E43049,E33554,E48918
66,E61745,"G. HARISH BABU",SALES,E61745,E61745,KARNATAKA,BANGALORE,BANGALORE,,South,SALES,E43049,E33554,E48918
67,E92529,"MANJUNATHA V HANCHINAL",SALES,E92529,E92529,KARNATAKA,BANGALORE,BELLARY,,South,SALES,E43049,E33554,E48918
68,VACANT,"VACANT FLM",1LMANAGER,VACANT,VACANT,KARNATAKA,BANGALORE,MANGALORE,,South,1LMANAGER,,E33554,E48918
69,E85253,"GOPINATH K",SALES,E85253,E85253,KARNATAKA,BANGALORE,MANGALORE,,South,SALES,VACANT,E33554,E48918
70,E122226,"KIRAN  BU",SALES,E122226,E122226,KARNATAKA,BANGALORE,HUBBALLI,,South,SALES,VACANT,E33554,E48918
71,E70921,ANANDA.,SALES,E70921,E70921,KARNATAKA,BANGALORE,MYSORE,,South,SALES,VACANT,E33554,E48918
72,E92753,PRADYUM,SALES,E92753,E92753,KARNATAKA,BANGALORE,BELGAUM,,South,SALES,VACANT,E33554,E48918
73,E52073,"H SENTHIL KUMAR",2LMANAGER,E52073,E52073,CHENNAI,CHENNAI,CHENNAI,,South,2LMANAGER,,,E48918
74,E72721,"GOPINATH V",1LMANAGER,E72721,E72721,CHENNAI,CHENNAI,CHENNAI,,South,1LMANAGER,,E52073,E48918
75,VACANT,VACANT,SALES,VACANT,VACANT,CHENNAI,CHENNAI,CHENNAI,,South,SALES,E72721,E52073,E48918
76,E85211,"S SIVASANKAR",SALES,E85211,E85211,CHENNAI,CHENNAI,CHENNAI,,South,SALES,E72721,E52073,E48918
77,E49208,"M. YASHWANTH",SALES,E49208,E49208,CHENNAI,CHENNAI,CHENNAI,,South,SALES,E72721,E52073,E48918
78,E83557,"VISHNU B",SALES,E83557,E83557,CHENNAI,CHENNAI,CHENNAI,,South,SALES,E72721,E52073,E48918
79,E91098,"SRIDHARSAN DHANAPAL",SALES,E91098,E91098,CHENNAI,CHENNAI,CHENNAI,,South,SALES,E72721,E52073,E48918
80,E97455,"L ASHOK KUMAR",SALES,E97455,E97455,CHENNAI,CHENNAI,PONDICHERRY,,South,SALES,E72721,E52073,E48918
81,E47081,"S. UTHAYAVIMALAN",1LMANAGER,E47081,E47081,CHENNAI,CHENNAI,MADURAI,,South,1LMANAGER,,E52073,E48918
82,E72885,"BHARATHKUMAR P",SALES,E72885,E72885,CHENNAI,CHENNAI,MADURAI,,South,SALES,E47081,E52073,E48918
83,E118742,"LAKSHMANA PERUMAL ",SALES,E118742,E118742,CHENNAI,CHENNAI,TIRUNELVELI,,South,SALES,E47081,E52073,E48918
84,E72722,"SARAVANAN C",SALES,E72722,E72722,CHENNAI,CHENNAI,TRICHY,,South,SALES,E47081,E52073,E48918
85,E52412,MAYAVAN,1LMANAGER,E52412,E52412,CHENNAI,CHENNAI,COIMBATORE,,South,1LMANAGER,,E52073,E48918
86,E77163,"SHAHUL HAMEED KAMARDEEN",SALES,E77163,E77163,CHENNAI,CHENNAI,COIMBATORE,,South,SALES,E52412,E52073,E48918
87,E92373,"NANDHAKUMAR P",SALES,E92373,E92373,CHENNAI,CHENNAI,COIMBATORE,,South,SALES,E52412,E52073,E48918
88,E64493,"AJITH KUMAR M",SALES,E64493,E64493,CHENNAI,CHENNAI,SALEM,,South,SALES,E52412,E52073,E48918
89,E86173,"JIBIN PANKAJAN",2LMANAGER,E86173,E86173,KERALA,ERNAKULAM,ERNAKULAM,,South,2LMANAGER,,,E48918
90,E28852,"VISHNU VISHWANATH",1LMANAGER,E28852,E28852,KERALA,ERNAKULAM,ERNAKULAM,,South,1LMANAGER,,E86173,E48918
91,E86118,"ABOOBAKER SIDDIQUE",SALES,E86118,E86118,KERALA,ERNAKULAM,ERNAKULAM,,South,SALES,E28852,E86173,E48918
92,"E 98169","SEBASTIAN ROHAN TF",SALES,"E 98169","E 98169",KERALA,ERNAKULAM,ERNAKULAM,,South,SALES,E28852,E86173,E48918
93,E24584,"PAUL JOY AMBOOKAN",SALES,E24584,E24584,KERALA,ERNAKULAM,TRICHUR,,South,SALES,E28852,E86173,E48918
94,E44532,"JOMON MATHEW",1LMANAGER,E44532,E44532,KERALA,ERNAKULAM,TRIVANDRUM,,South,1LMANAGER,,E86173,E48918
95,E78068,"ANANTHU K MOHAN",SALES,E78068,E78068,KERALA,ERNAKULAM,KOTTAYAM,,South,SALES,E44532,E86173,E48918
96,E129131,"SARATH A",SALES,E129131,E129131,KERALA,ERNAKULAM,TRIVANDRUM,,South,SALES,E44532,E86173,E48918
97,E97456,"BABU HUSSAIN",SALES,E97456,E97456,KERALA,ERNAKULAM,TRIVANDRUM,,South,SALES,E44532,E86173,E48918
98,E60636,"BRIJIN N M",1LMANAGER,E60636,E60636,KERALA,ERNAKULAM,KOZHIKODE,,South,1LMANAGER,,E86173,E48918
99,E120070,"SAFWAN T",SALES,E120070,E120070,KERALA,ERNAKULAM,KOZHIKODE,,South,SALES,E60636,E86173,E48918
100,E122272,"MUHAMMED FAIZ V",SALES,E122272,E122272,KERALA,ERNAKULAM,KOZHIKODE,,South,SALES,E60636,E86173,E48918
101,E80357,"PRADHIN M V",SALES,E80357,E80357,KERALA,ERNAKULAM,CANNANORE,,South,SALES,E60636,E86173,E48918
102,E46213,"RAMU SATYANAPATRUNI",2LMANAGER,E46213,E46213,"ANDHRA PRADESH",HYDERABAD,HYDERABAD,,South,2LMANAGER,,,E48918
103,E49240,"K.V. AVINASH BABU",1LMANAGER,E49240,E49240,"ANDHRA PRADESH",HYDERABAD,HYDERABAD,,South,1LMANAGER,,E46213,E48918
104,E90150,"PUNNA VIJAYA RAJU",SALES,E90150,E90150,"ANDHRA PRADESH",HYDERABAD,HYDERABAD,,South,SALES,E49240,E46213,E48918
105,E87000,"JAKKU RAJASHEKAR",SALES,E87000,E87000,"ANDHRA PRADESH",HYDERABAD,HYDERABAD,,South,SALES,E49240,E46213,E48918
106,E82563,"LAMBA RAJU",SALES,E82563,E82563,"ANDHRA PRADESH",HYDERABAD,HYDERABAD,,South,SALES,E49240,E46213,E48918
107,E77003,"LAMBU HAREESH",SALES,E77003,E77003,"ANDHRA PRADESH",HYDERABAD,HYDERABAD,,South,SALES,E49240,E46213,E48918
108,E130136,"ANIL BHYRUMALLA",SALES,E130136,E130136,"ANDHRA PRADESH",HYDERABAD,HYDERABAD,,South,SALES,E49240,E46213,E48918
109,E97322,"V DEVENDAR",SALES,E97322,E97322,"ANDHRA PRADESH",HYDERABAD,HYDERABAD,,South,SALES,E49240,E46213,E48918
110,E91401,RAJESH,1LMANAGER,E91401,E91401,"ANDHRA PRADESH",HYDERABAD,VIJAYAWADA,,South,1LMANAGER,,E46213,E48918
111,E86929,"SHAIK RIYAZ",SALES,E86929,E86929,"ANDHRA PRADESH",HYDERABAD,VIJAYAWADA,,South,SALES,E91401,E46213,E48918
112,E123220,"B.KRISHNA KANTH",SALES,E123220,E123220,"ANDHRA PRADESH",HYDERABAD,GUNTUR,,South,SALES,E91401,E46213,E48918
113,E91536,SRIKANTH,SALES,E91536,E91536,"ANDHRA PRADESH",HYDERABAD,NELLORE,,South,SALES,E91401,E46213,E48918
114,E85214,"VELPURI NAGABABU",SALES,E85214,E85214,"ANDHRA PRADESH",HYDERABAD,RAJAHMUNDRY,,South,SALES,E91401,E46213,E48918
115,E91448,YUGANDAR,SALES,E91448,E91448,"ANDHRA PRADESH",HYDERABAD,VISAKHAPATNAM,,South,SALES,E91401,E46213,E48918
116,E41070,"ABHISHEK DUBEY",3LMANAGER,E41070,E41070,DELHI,"NORTH ZONE",DELHI,,North,3LMANAGER,,,
117,E48406,"ARUN SUNEJA",2LMANAGER,E48406,E48406,DELHI,DELHI,DELHI,,North,2LMANAGER,,,E41070
118,E52738,"AJAY KUMAR",1LMANAGER,E52738,E52738,DELHI,DELHI,DELHI,,North,1LMANAGER,,E48406,E41070
119,E77037,"SAURAV KUMAR",SALES,E77037,E77037,DELHI,DELHI,DELHI,,North,SALES,E52738,E48406,E41070
120,E77002,"PRATEEK SHARMA",SALES,E77002,E77002,DELHI,DELHI,DELHI,,North,SALES,E52738,E48406,E41070
121,E41046,"MS. RUCHI BAGAI",SALES,E41046,E41046,DELHI,DELHI,DELHI,,North,SALES,E52738,E48406,E41070
122,E129130,"NITESH RAJORIYA",SALES,E129130,E129130,DELHI,DELHI,DELHI,,North,SALES,E52738,E48406,E41070
123,E64558,"ANUJ KUMAR SHARMA",1LMANAGER,E64558,E64558,DELHI,DELHI,DELHI,,North,1LMANAGER,,E48406,E41070
124,E95665,"RAMAKANT BHATI ",SALES,E95665,E95665,DELHI,DELHI,DELHI,,North,SALES,E64558,E48406,E41070
125,E54117,"DILSHAD AHMAD",SALES,E54117,E54117,DELHI,DELHI,DELHI,,North,SALES,E64558,E48406,E41070
126,E118214,"PRAKASH KUMAR RAUNIYAR",SALES,E118214,E118214,DELHI,DELHI,DELHI,,North,SALES,E64558,E48406,E41070
127,E95664,"LAKSHAY TYAGI",SALES,E95664,E95664,DELHI,DELHI,DELHI,,North,SALES,E64558,E48406,E41070
128,E48342,"HIMANSHU SINGH RAGHAV",1LMANAGER,E48342,E48342,DELHI,DELHI,GURGAON,,North,1LMANAGER,,E48406,E41070
129,E62071,"SAURABH KUMAR PANDEY",SALES,E62071,E62071,DELHI,DELHI,GURGAON,,North,SALES,E48342,E48406,E41070
130,E78184,"VIVEK YADAV",SALES,E78184,E78184,DELHI,DELHI,GURGAON,,North,SALES,E48342,E48406,E41070
131,E83525,"MANISH CHAUDHARY",SALES,E83525,E83525,DELHI,DELHI,NOIDA,,North,SALES,E48342,E48406,E41070
132,E130928,"YASH TYAGI",1LMANAGER,E130928,E130928,DELHI,DELHI,NOIDA,,North,1LMANAGER,,E48406,E41070
133,E97458,"NIKHIL SINGH",SALES,E97458,E97458,DELHI,DELHI,FARIDABAD,,North,SALES,E130928,E48406,E41070
134,VACANT,VACANT,SALES,VACANT,VACANT,DELHI,DELHI,HISAR,,North,SALES,E130928,E48406,E41070
135,E43974,"RAKESH SYAL",2LMANAGER,E43974,E43974,PUNJAB,CHANDIGARH,CHANDIGARH,,North,2LMANAGER,,,E41070
136,E72746,"RAGHAV DOGRA",1LMANAGER,E72746,E72746,PUNJAB,CHANDIGARH,CHANDIGARH,,North,1LMANAGER,,E43974,E41070
137,E90148,"RISHAV KUMAR",SALES,E90148,E90148,PUNJAB,CHANDIGARH,SHIMLA,,North,SALES,E72746,E43974,E41070
138,E118741,"PARUSH CHOUDHARY",SALES,E118741,E118741,PUNJAB,CHANDIGARH,CHANDIGARH,,North,SALES,E72746,E43974,E41070
139,E116488,"APURAV ",SALES,E116488,E116488,PUNJAB,CHANDIGARH,PATIALA,,North,SALES,E72746,E43974,E41070
140,E86187,"ARUN KUMAR",SALES,E86187,E86187,PUNJAB,CHANDIGARH,CHANDIGARH,,North,SALES,E72746,E43974,E41070
141,E47023,"VAIBHAV JAIN",SALES,E47023,E47023,PUNJAB,CHANDIGARH,KARNAL,,North,SALES,E72746,E43974,E41070
142,E40920,"MUSHTAQ MOHAMMAD ",1LMANAGER,E40920,E40920,PUNJAB,CHANDIGARH,SRINAGAR,,North,1LMANAGER,,E43974,E41070
143,E80955,"SALIQ RAFIQ",SALES,E80955,E80955,PUNJAB,CHANDIGARH,SRINAGAR,,North,SALES,E40920,E43974,E41070
144,E75664,"JUNAID RASHID SHALYARI",SALES,E75664,E75664,PUNJAB,CHANDIGARH,SRINAGAR,,North,SALES,E40920,E43974,E41070
145,E69330,"ROBIN VERMA",1LMANAGER,E69330,E69330,PUNJAB,CHANDIGARH,LUDHIANA,,North,1LMANAGER,,E43974,E41070
146,E90243,"ANMOL KHANNA",SALES,E90243,E90243,PUNJAB,CHANDIGARH,AMRITSAR,,North,SALES,E69330,E43974,E41070
147,E55828,"ANSHUL DODA",SALES,E55828,E55828,PUNJAB,CHANDIGARH,LUDHIANA,,North,SALES,E69330,E43974,E41070
148,E91213,"ISHAN  GROVER",SALES,E91213,E91213,PUNJAB,CHANDIGARH,JALANDHAR,,North,SALES,E69330,E43974,E41070
149,E46217,"VISHAL DOGRA",SALES,E46217,E46217,PUNJAB,CHANDIGARH,JAMMU,,North,SALES,E69330,E43974,E41070
150,E48614,"ATUL KUMAR PANDEY",2LMANAGER,E48614,E48614,UP,LUCKNOW,LUCKNOW,,North,2LMANAGER,,,E41070
151,E55184,"HEMANT SRIVASTAVA",1LMANAGER,E55184,E55184,UP,LUCKNOW,LUCKNOW,,North,1LMANAGER,,E48614,E41070
152,E69255,"SHARAD PORWAL",SALES,E69255,E69255,UP,LUCKNOW,LUCKNOW,,North,SALES,E55184,E48614,E41070
153,E61804,"YOGENDRA SURENDRA SINGH",SALES,E61804,E61804,UP,LUCKNOW,LUCKNOW,,North,SALES,E55184,E48614,E41070
154,E85154,"NAVEEN KUMAR PANDEY",SALES,E85154,E85154,UP,LUCKNOW,LUCKNOW,,North,SALES,E55184,E48614,E41070
155,E24211,"FAIZAN NOOR KHAN",SALES,E24211,E24211,UP,LUCKNOW,BAREILLY,,North,SALES,E55184,E48614,E41070
156,E406431,"VARUN TIWARI",SALES,E406431,E406431,UP,LUCKNOW,KANPUR,,North,SALES,E55184,E48614,E41070
157,E66728,"SUSHIL KHANDURI",1LMANAGER,E66728,E66728,UP,LUCKNOW,MEERUT,,North,1LMANAGER,,E48614,E41070
158,E85155,"ANUJ KUMAR",SALES,E85155,E85155,UP,LUCKNOW,MEERUT,,North,SALES,E66728,E48614,E41070
159,E98084,"PRASHANT MISHRA ",SALES,E98084,E98084,UP,LUCKNOW,AGRA,,North,SALES,E66728,E48614,E41070
160,E91833,"SUNNY YADAV",SALES,E91833,E91833,UP,LUCKNOW,AGRA,,North,SALES,E66728,E48614,E41070
161,E66919,"KRISHNA KANT PUROHIT",SALES,E66919,E66919,UP,LUCKNOW,DEHRADUN,,North,SALES,E66728,E48614,E41070
162,E75723,"VIKAS MISHRA",1LMANAGER,E75723,E75723,UP,LUCKNOW,VARANASI,,North,1LMANAGER,,E48614,E41070
163,E404107,"ASHISH DUBEY",SALES,E404107,E404107,UP,LUCKNOW,VARANASI,,North,SALES,E75723,E48614,E41070
164,E95566,"KISHAN PRAJAPATI",SALES,E95566,E95566,UP,LUCKNOW,VARANASI,,North,SALES,E75723,E48614,E41070
165,E66916,"SUNEEL KUMAR MISHRA",SALES,E66916,E66916,UP,LUCKNOW,ALLAHABAD,,North,SALES,E75723,E48614,E41070
166,E17747,"AMAR KUMAR TRIPATHI",SALES,E17747,E17747,UP,LUCKNOW,GORAKHPUR,,North,SALES,E75723,E48614,E41070
167,E33486,"AJAY KUMAR REDDU",3LMANAGER,E33486,E33486,MUMBAI,"WEST ZONE",MUMBAI,,West,3LMANAGER,,,
168,E46081,"PRADEEP UPADHYAY",2LMANAGER,E46081,E46081,MUMBAI,MUMBAI,MUMBAI,,West,2LMANAGER,,,E33486
169,E50350,"LALBAHADUR JAY SHANKAR PAL",1LMANAGER,E50350,E50350,MUMBAI,MUMBAI,MUMBAI,,West,1LMANAGER,,E46081,E33486
170,E91097,"SACHIN PANKHADE",SALES,E91097,E91097,MUMBAI,MUMBAI,MUMBAI,,West,SALES,E50350,E46081,E33486
171,E129534,"SHUBHAM SINGH",SALES,E129534,E129534,MUMBAI,MUMBAI,MUMBAI,,West,SALES,E50350,E46081,E33486
172,E95647,"ABHISHEK SINGH ",SALES,E95647,E95647,MUMBAI,MUMBAI,MUMBAI,,West,SALES,E50350,E46081,E33486
173,E74975,"ASHISH SHIVMURTI SINGH",SALES,E74975,E74975,MUMBAI,MUMBAI,MUMBAI,,West,SALES,E50350,E46081,E33486
174,E95689,"ANJALI VERMA",SALES,E95689,E95689,MUMBAI,MUMBAI,MUMBAI,,West,SALES,E50350,E46081,E33486
175,E92228,"SIDDHESH WAGH ",SALES,E92228,E92228,MUMBAI,MUMBAI,MUMBAI,,West,SALES,E50350,E46081,E33486
176,E92530,"ONKAR RAMESH YELAVE",SALES,E92530,E92530,MUMBAI,MUMBAI,MUMBAI,,West,SALES,E50350,E46081,E33486
177,E71867,"SHIVAJI GADADE",1LMANAGER,E71867,E71867,MUMBAI,MUMBAI,"PUNE 1",,West,1LMANAGER,,E46081,E33486
178,E90244,"SANDIP RANE",SALES,E90244,E90244,MUMBAI,MUMBAI,PANAJI,,West,SALES,E71867,E46081,E33486
179,E47099,"ADWAIT SUDHIR KULKARNI",SALES,E47099,E47099,MUMBAI,MUMBAI,KOLHAPUR,,West,SALES,E71867,E46081,E33486
180,E124167,"ABHAY MORE",SALES,E124167,E124167,MUMBAI,MUMBAI,PUNE,,West,SALES,E71867,E46081,E33486
181,E70920,"GANESHSINGH BHAGIRATHSINGH RAJPUROHIT",1LMANAGER,E70920,E70920,MUMBAI,MUMBAI,"PUNE 2",,West,1LMANAGER,,E46081,E33486
182,E98125,"RUSHIKESH SOLUNKE",SALES,E98125,E98125,MUMBAI,MUMBAI,PUNE,,West,SALES,E70920,E46081,E33486
183,E95719,"TEJAS GUD",SALES,E95719,E95719,MUMBAI,MUMBAI,PUNE,,West,SALES,E70920,E46081,E33486
184,E91333,"VIJAY PAWAR",SALES,E91333,E91333,MUMBAI,MUMBAI,NASIK,,West,SALES,E70920,E46081,E33486
185,E70893,"SHAIK MOHAMMAD ALBAS SHAIKH ILYAS",SALES,E70893,E70893,MUMBAI,MUMBAI,Aurangabad,,West,SALES,E70920,E46081,E33486
186,E37440,"PANKAJ NARAYANRAO BALPANDE",2LMANAGER,E37440,E37440,NAGPUR,NAGPUR,NAGPUR,,West,2LMANAGER,,,E33486
187,E118987,"PANKAJ GANWANI",1LMANAGER,E118987,E118987,NAGPUR,NAGPUR,NAGPUR,,West,1LMANAGER,,E37440,E33486
188,E97453,"ANUJ GUPTA ",SALES,E97453,E97453,NAGPUR,NAGPUR,NAGPUR,,West,SALES,E118987,E37440,E33486
189,E128995,"ANJANI KUMAR SINGH",SALES,E128995,E128995,NAGPUR,NAGPUR,NAGPUR,,West,SALES,E118987,E37440,E33486
190,E120175,"DIPAK JAISWAL",SALES,E120175,E120175,NAGPUR,NAGPUR,"RAIPUR - CG",,West,SALES,E118987,E37440,E33486
191,E121312,"ROHIT BARAI",SALES,E121312,E121312,NAGPUR,NAGPUR,"RAIPUR - CG",,West,SALES,E118987,E37440,E33486
192,,VACANT,1LMANAGER,,,NAGPUR,NAGPUR,INDORE,,West,1LMANAGER,,E37440,E33486
193,E64251,"PANKAJ KUMAR MISHRA",SALES,E64251,E64251,NAGPUR,NAGPUR,INDORE,,West,SALES,,E37440,E33486
194,E64256,"ATISHAYA JAIN",SALES,E64256,E64256,NAGPUR,NAGPUR,BHOPAL,,West,SALES,,E37440,E33486
195,E128994,"AMAN PANDEY",SALES,E128994,E128994,NAGPUR,NAGPUR,JABALPUR,,West,SALES,,E37440,E33486
196,E90151,"PRASHANT BHARDWAJ",SALES,E90151,E90151,NAGPUR,NAGPUR,GWALIOR,,West,SALES,,E37440,E33486
197,E44909,"DURGESH KUMAR PATEL",2LMANAGER,E44909,E44909,GUJRAT+RAJASTHAN,AHMEDABAD,AHMEDABAD,,West,2LMANAGER,,,E33486
198,E72892,"CHHAGAN LAL",1LMANAGER,E72892,E72892,GUJRAT+RAJASTHAN,AHMEDABAD,JODHPUR,,West,1LMANAGER,,E44909,E33486
199,E60937,"ATUL JAIN",SALES,E60937,E60937,GUJRAT+RAJASTHAN,AHMEDABAD,JAIPUR,,West,SALES,E72892,E44909,E33486
200,E98085,"SHIVKUMAR DAGUR",SALES,E98085,E98085,GUJRAT+RAJASTHAN,AHMEDABAD,JAIPUR,,West,SALES,E72892,E44909,E33486
201,E91093,"RAJNISH ",SALES,E91093,E91093,GUJRAT+RAJASTHAN,AHMEDABAD,JAIPUR,,West,SALES,E72892,E44909,E33486
202,"E90296 ","MAYANK VAISHNAV",SALES,"E90296 ","E90296 ",GUJRAT+RAJASTHAN,AHMEDABAD,JODHPUR,,West,SALES,E72892,E44909,E33486
203,E98033,"MANISH PRAJAPAT",SALES,E98033,E98033,GUJRAT+RAJASTHAN,AHMEDABAD,UDAIPUR,,West,SALES,E72892,E44909,E33486
204,E29869,"ANUP RAI",1LMANAGER,E29869,E29869,GUJRAT+RAJASTHAN,AHMEDABAD,AHMEDABAD,,West,1LMANAGER,,E44909,E33486
205,E116892,"ANKIT DESAI",SALES,E116892,E116892,GUJRAT+RAJASTHAN,AHMEDABAD,AHMEDABAD,,West,SALES,E29869,E44909,E33486
206,E72745,"RAHUL PATEL",SALES,E72745,E72745,GUJRAT+RAJASTHAN,AHMEDABAD,AHMEDABAD,,West,SALES,E29869,E44909,E33486
207,E74974,"BARIA DIPAKKUMAR BALAVANTSINH",SALES,E74974,E74974,GUJRAT+RAJASTHAN,AHMEDABAD,BARODA,,West,SALES,E29869,E44909,E33486
208,E90152,"AJAY SAMAGE",SALES,E90152,E90152,GUJRAT+RAJASTHAN,AHMEDABAD,SURAT,,West,SALES,E29869,E44909,E33486
209,E91094,"JAY SANJAYBHAI VASVELIYA",SALES,E91094,E91094,GUJRAT+RAJASTHAN,AHMEDABAD,Rajkot,,West,SALES,E29869,E44909,E33486
210,test_user,test,SALES,test_user,test_user,NULL,NULL,NULL,NULL,NULL,SALES,1111,2222,3333
211,1111,test_1Lmanager,1LMANAGER,1111,1111,NULL,NULL,NULL,NULL,NULL,1LMANAGER,NULL,2222,3333
212,2222,test_2Lmanager,2LMANAGER,2222,2222,NULL,NULL,NULL,NULL,NULL,2LMANAGER,NULL,NULL,3333
213,3333,test_3Lmanager,3LMANAGER,3333,3333,NULL,NULL,NULL,NULL,NULL,NULL,NULL,NULL,NULL
